,,,,NVC,,,,,GCC,
ls,Code,Platform,Device,Host,Multicore #4,Multicore #8,Multicore #16,GPU,Host,GPU
1,Dijkstra-Algorithm,NVIDIA,A100 ,0.566024 s,0.588108 s,0.588230 s,0.597109 s,0.947478 s,,
2,Jacobi,NVIDIA,A100 ,52.240343 s,34.108542 s,27.329892 s,13.504239 s,1.244327 s,,
3,Knapsack-Problem,NVIDIA,A100 ,78.435666s,82.553508,81.637450s,88.255595s,5.35254s,,
4,Matrix-Multiplication,NVIDIA,A100 ,307.907945 s,77.690979 s,41.994539 s,22.113172 s,7.110401 s,,
6,Parallelizig Newton-fractals,NVIDIA,A100 ,8.976261 s,2.302669 s,1.372088 s,0.785201 s,0.324660 s,,
7,Raytracer-Project,NVIDIA,A100 ,1369.146311 s,13193.18624,0.068033s,0.201942s,161.890821 s,,
8,cube-OpenACC,NVIDIA,A100 ,1112.401s,,,,0.013s,,
9,Mini Weather,NVIDIA,A100 ,,1.85372s,1.8789s,1.87307s,,,